frame,timestamp,CMC_pos_x,CMC_pos_y,CMC_pos_z,CMC_rot_x,CMC_rot_y,CMC_rot_z,CMC_rot_w,MCP_pos_x,MCP_pos_y,MCP_pos_z,MCP_rot_x,MCP_rot_y,MCP_rot_z,MCP_rot_w,IP_pos_x,IP_pos_y,IP_pos_z,IP_rot_x,IP_rot_y,IP_rot_z,IP_rot_w,Tip_pos_x,Tip_pos_y,Tip_pos_z,Tip_rot_x,Tip_rot_y,Tip_rot_z,Tip_rot_w
1,1765888719212,0.0241747,0.0172301,-0.00417916,0,0,0,1,0.0419862,-0,0,0,0,0,1,0.0299928,-0,0,0,0,0,1,0.0252377,-0,0,0,0,0,1
2,1765888719246,0.0241747,0.0172301,-0.00417916,0.88442,0.248653,-0.187461,-0.347609,0.0419862,-0,0,-3.72529e-08,-0.0100253,0,0.99995,0.0299928,-0,0,2.23517e-08,-0.271565,1.49012e-07,0.96242,0.0252377,-0,0,0,0,0,1
3,1765888719279,0.0241747,0.0172301,-0.00417916,0.875077,0.256794,-0.171329,-0.372753,0.0419862,-0,0,3.72529e-09,-0.0100576,4.47035e-08,0.999949,0.0299928,-0,0,-2.23517e-08,-0.263118,0,0.964764,0.0252377,-0,0,0,0,0,1
4,1765888719312,0.0241747,0.0172301,-0.00417916,0.873264,0.253251,-0.168671,-0.380557,0.0419862,-0,0,-4.47035e-08,-0.010112,0,0.999949,0.0299928,-0,0,6.70552e-08,-0.254969,-1.04308e-07,0.966949,0.0252377,-0,0,0,0,0,1
5,1765888719345,0.0241747,0.0172301,-0.00417916,0.882759,0.229335,-0.16385,-0.375893,0.0419862,-0,0,-5.96047e-08,-0.01079,-4.47035e-08,0.999942,0.0299928,-0,0,5.96046e-08,-0.235022,2.98023e-08,0.97199,0.0252377,-0,0,0,0,0,1
6,1765888719379,0.0241747,0.0172301,-0.00417916,0.904963,0.172907,-0.166167,-0.351472,0.0419862,-0,0,2.23517e-08,-0.0101249,-8.9407e-08,0.999949,0.0299928,-0,0,-6.33299e-08,-0.180802,1.3411e-07,0.983519,0.0252377,-0,0,0,0,0,1
7,1765888719412,0.0241747,0.0172301,-0.00417916,0.931688,0.0852071,-0.174212,-0.307159,0.0419862,-0,0,2.79397e-09,-0.00778559,-1.49012e-08,0.99997,0.0299928,-0,0,5.58794e-09,-0.12605,3.72529e-08,0.992024,0.0252377,-0,0,0,0,0,1
8,1765888719445,0.0241747,0.0172301,-0.00417916,0.94519,-0.0176306,-0.180084,-0.2718,0.0419862,-0,0,-5.4948e-08,-0.0036975,1.49012e-08,0.999993,0.0299928,-0,0,8.14907e-08,-0.0634329,-3.72529e-09,0.997986,0.0252377,-0,0,0,0,0,1
9,1765888719478,0.0241747,0.0172301,-0.00417916,0.945791,-0.0984594,-0.17286,-0.256718,0.0419862,-0,0,3.72529e-08,0.000827625,-4.47035e-08,1,0.0299928,-0,0,6.14673e-08,0.0217149,5.96046e-08,0.999764,0.0252377,-0,0,0,0,0,1
10,1765888719511,0.0241747,0.0172301,-0.00417916,0.933674,-0.17372,-0.163288,-0.267227,0.0419862,-0,0,4.09782e-08,0.0045742,0,0.99999,0.0299928,-0,0,-3.72529e-09,0.154602,2.98023e-08,0.987977,0.0252377,-0,0,0,0,0,1
11,1765888719545,0.0241747,0.0172301,-0.00417916,0.923528,-0.202071,-0.151136,-0.288827,0.0419862,-0,0,-1.11759e-08,0.00558431,-5.96047e-08,0.999984,0.0299928,-0,0,-5.21541e-08,0.236442,0,0.971646,0.0252377,-0,0,0,0,0,1
12,1765888719578,0.0241747,0.0172301,-0.00417916,0.907959,-0.230512,-0.133302,-0.323582,0.0419862,-0,0,-7.82311e-08,0.00710186,8.9407e-08,0.999975,0.0299928,-0,0,1.00583e-07,0.336181,-7.45058e-08,0.941798,0.0252377,-0,0,0,0,0,1
13,1765888719611,0.0241747,0.0172301,-0.00417916,0.899792,-0.245566,-0.116679,-0.341259,0.0419862,-0,0,6.70552e-08,0.00791442,4.47035e-08,0.999969,0.0299928,-0,0,-7.82311e-08,0.388611,-1.3411e-07,0.921402,0.0252377,-0,0,0,0,0,1
14,1765888719644,0.0241747,0.0172301,-0.00417916,0.890993,-0.251892,-0.104554,-0.362973,0.0419862,-0,0,8.19564e-08,0.00847502,-1.19209e-07,0.999964,0.0299928,-0,0,-5.96046e-08,0.419828,1.63913e-07,0.907604,0.0252377,-0,0,0,0,0,1
15,1765888719677,0.0241747,0.0172301,-0.00417916,0.88825,-0.254191,-0.0954924,-0.370513,0.0419862,-0,0,-5.58793e-08,0.00951064,-8.9407e-08,0.999955,0.0299928,-0,0,-4.47035e-08,0.435281,1.19209e-07,0.900295,0.0252377,-0,0,0,0,0,1
16,1765888719711,0.0241747,0.0172301,-0.00417916,0.887338,-0.254596,-0.0905261,-0.373655,0.0419862,-0,0,-2.6077e-08,0.00981538,-1.04308e-07,0.999952,0.0299928,-0,0,-8.19564e-08,0.43309,4.47035e-08,0.90135,0.0252377,-0,0,0,0,0,1
17,1765888719744,0.0241747,0.0172301,-0.00417916,0.886357,-0.255012,-0.0858061,-0.376798,0.0419862,-0,0,-8.19564e-08,0.0103698,0,0.999946,0.0299928,-0,0,6.70552e-08,0.433436,-2.98023e-08,0.901184,0.0252377,-0,0,0,0,0,1
18,1765888719777,0.0241747,0.0172301,-0.00417916,0.887749,-0.255422,-0.0835553,-0.373738,0.0419862,-0,0,4.09782e-08,0.0103238,8.9407e-08,0.999947,0.0299928,-0,0,6.70552e-08,0.425145,-8.9407e-08,0.905125,0.0252377,-0,0,0,0,0,1
19,1765888719810,0.0241747,0.0172301,-0.00417916,0.91693,-0.229807,-0.084273,-0.315159,0.0419862,-0,0,-5.58794e-08,0.00938583,-7.45058e-08,0.999956,0.0299928,-0,0,7.82311e-08,0.252402,0,0.967623,0.0252377,-0,0,0,0,0,1
20,1765888719844,0.0241747,0.0172301,-0.00417916,0.939657,-0.182036,-0.0964834,-0.273129,0.0419862,-0,0,2.98023e-08,0.00548081,0,0.999985,0.0299928,-0,0,-2.98023e-08,0.100541,-5.96046e-08,0.994933,0.0252377,-0,0,0,0,0,1
21,1765888719877,0.0241747,0.0172301,-0.00417916,0.952282,-0.0699628,-0.12572,-0.269182,0.0419862,-0,0,-8.47503e-08,-0.0040282,-2.98023e-08,0.999992,0.0299928,-0,0,5.86733e-08,-0.0590966,4.47035e-08,0.998252,0.0252377,-0,0,0,0,0,1
22,1765888719910,0.0241747,0.0172301,-0.00417916,0.941646,0.052599,-0.154781,-0.294244,0.0419862,-0,0,-3.30619e-08,-0.0112035,1.86265e-09,0.999937,0.0299928,-0,0,-7.45058e-09,-0.174486,3.91155e-08,0.98466,0.0252377,-0,0,0,0,0,1
23,1765888719944,0.0241747,0.0172301,-0.00417916,0.915481,0.150829,-0.178061,-0.327778,0.0419862,-0,0,-4.28408e-08,-0.012617,1.11759e-07,0.99992,0.0299928,-0,0,-3.35276e-08,-0.272528,-6.70552e-08,0.962148,0.0252377,-0,0,0,0,0,1
24,1765888719977,0.0241747,0.0172301,-0.00417916,0.892072,0.190588,-0.179263,-0.368442,0.0419862,-0,0,9.31323e-08,-0.0114542,-2.98023e-08,0.999934,0.0299928,-0,0,-1.49012e-08,-0.327682,-2.98023e-08,0.944788,0.0252377,-0,0,0,0,0,1
25,1765888720010,0.0241747,0.0172301,-0.00417916,0.861075,0.214256,-0.170557,-0.428432,0.0419862,-0,0,2.98023e-08,-0.00972283,7.45058e-08,0.999953,0.0299928,-0,0,-8.19564e-08,-0.370598,-2.98023e-08,0.928794,0.0252377,-0,0,0,0,0,1
26,1765888720043,0.0241747,0.0172301,-0.00417916,0.849478,0.225377,-0.168499,-0.446319,0.0419862,-0,0,-3.35276e-08,-0.00938007,-2.98023e-08,0.999956,0.0299928,-0,0,-5.21541e-08,-0.385769,7.45058e-08,0.922596,0.0252377,-0,0,0,0,0,1
27,1765888720077,0.0241747,0.0172301,-0.00417916,0.845149,0.229683,-0.171779,-0.451065,0.0419862,-0,0,-7.07805e-08,-0.0089448,-1.49012e-08,0.99996,0.0299928,-0,0,5.96047e-08,-0.400224,-1.49012e-08,0.916417,0.0252377,-0,0,0,0,0,1
28,1765888720110,0.0241747,0.0172301,-0.00417916,0.843699,0.230976,-0.172435,-0.452866,0.0419862,-0,0,-1.49012e-08,-0.00915754,5.96046e-08,0.999958,0.0299928,-0,0,-6.70552e-08,-0.402735,-8.9407e-08,0.915317,0.0252377,-0,0,0,0,0,1
29,1765888720143,0.0241747,0.0172301,-0.00417916,0.845169,0.225616,-0.16967,-0.45387,0.0419862,-0,0,2.98023e-08,-0.009592,-4.47035e-08,0.999954,0.0299928,-0,0,2.98023e-08,-0.3924,-8.9407e-08,0.919795,0.0252377,-0,0,0,0,0,1
30,1765888720177,0.0241747,0.0172301,-0.00417916,0.863387,0.20081,-0.163856,-0.432886,0.0419862,-0,0,4.84288e-08,-0.0112589,-1.49012e-08,0.999937,0.0299928,-0,0,-4.47035e-08,-0.359682,2.98023e-08,0.933075,0.0252377,-0,0,0,0,0,1
31,1765888720210,0.0241747,0.0172301,-0.00417916,0.902517,0.155606,-0.158411,-0.368993,0.0419862,-0,0,-2.6077e-08,-0.0138066,2.23517e-08,0.999905,0.0299928,-0,0,-1.08033e-07,-0.274227,-2.23517e-08,0.961665,0.0252377,-0,0,0,0,0,1
32,1765888720243,0.0241747,0.0172301,-0.00417916,0.942519,0.0650841,-0.159332,-0.286418,0.0419862,-0,0,1.67638e-08,-0.0104631,3.72529e-08,0.999945,0.0299928,-0,0,-5.58794e-08,-0.163846,-2.23517e-08,0.986486,0.0252377,-0,0,0,0,0,1
33,1765888720276,0.0241747,0.0172301,-0.00417916,0.954581,-0.0498914,-0.157619,-0.247876,0.0419862,-0,0,-6.0536e-08,-0.00482292,-7.45058e-09,0.999988,0.0299928,-0,0,9.31323e-09,-0.0752388,0,0.997166,0.0252377,-0,0,0,0,0,1
34,1765888720310,0.0241747,0.0172301,-0.00417916,0.947881,-0.146709,-0.147963,-0.241049,0.0419862,-0,0,-5.96047e-08,9.7394e-05,8.9407e-08,1,0.0299928,-0,0,9.31323e-08,0.010306,-1.3411e-07,0.999947,0.0252377,-0,0,0,0,0,1
35,1765888720343,0.0241747,0.0172301,-0.00417916,0.9367,-0.203013,-0.134289,-0.251683,0.0419862,-0,0,2.98023e-08,0.00476019,0,0.999989,0.0299928,-0,0,-6.33299e-08,0.107268,-5.96046e-08,0.99423,0.0252377,-0,0,0,0,0,1
36,1765888720376,0.0241747,0.0172301,-0.00417916,0.923684,-0.236489,-0.116207,-0.278165,0.0419862,-0,0,3.35276e-08,0.00770649,0,0.99997,0.0299928,-0,0,0,0.218767,2.98023e-08,0.975777,0.0252377,-0,0,0,0,0,1
37,1765888720410,0.0241747,0.0172301,-0.00417916,0.909861,-0.250124,-0.103022,-0.314608,0.0419862,-0,0,2.23517e-08,0.00942678,-1.49012e-08,0.999956,0.0299928,-0,0,-3.72529e-09,0.311213,-5.96047e-08,0.95034,0.0252377,-0,0,0,0,0,1
38,1765888720443,0.0241747,0.0172301,-0.00417916,0.903798,-0.254433,-0.097261,-0.33008,0.0419862,-0,0,-5.21541e-08,0.00954211,5.96046e-08,0.999954,0.0299928,-0,0,5.58794e-08,0.34058,-5.96047e-08,0.940216,0.0252377,-0,0,0,0,0,1
39,1765888720476,0.0241747,0.0172301,-0.00417916,0.9047,-0.260155,-0.0944552,-0.323908,0.0419862,-0,0,5.96046e-08,0.00945246,1.78814e-07,0.999955,0.0299928,-0,0,-3.72529e-08,0.347422,-1.78814e-07,0.937709,0.0252377,-0,0,0,0,0,1
40,1765888720510,0.0241747,0.0172301,-0.00417916,0.90406,-0.260277,-0.0916425,-0.326393,0.0419862,-0,0,2.98023e-08,0.00975551,5.96046e-08,0.999952,0.0299928,-0,0,-2.6077e-08,0.354783,2.98023e-08,0.934949,0.0252377,-0,0,0,0,0,1
41,1765888720543,0.0241747,0.0172301,-0.00417916,0.90402,-0.262221,-0.0889982,-0.325679,0.0419862,-0,0,-5.96046e-08,0.00972367,-1.78814e-07,0.999953,0.0299928,-0,0,-2.23517e-08,0.353247,2.98023e-07,0.93553,0.0252377,-0,0,0,0,0,1
42,1765888720576,0.0241747,0.0172301,-0.00417916,0.904885,-0.261498,-0.0876255,-0.324227,0.0419862,-0,0,2.98023e-08,0.0102217,2.98023e-08,0.999948,0.0299928,-0,0,7.07805e-08,0.353314,-2.98023e-08,0.935505,0.0252377,-0,0,0,0,0,1
43,1765888720609,0.0241747,0.0172301,-0.00417916,0.907478,-0.257261,-0.0858359,-0.32083,0.0419862,-0,0,-1.49012e-08,0.0103809,-8.9407e-08,0.999946,0.0299928,-0,0,-8.19564e-08,0.339555,-2.98023e-08,0.940586,0.0252377,-0,0,0,0,0,1
44,1765888720643,0.0241747,0.0172301,-0.00417916,0.92938,-0.221097,-0.09341,-0.280435,0.0419862,-0,0,-3.35276e-08,0.00860534,-7.45058e-08,0.999963,0.0299928,-0,0,2.6077e-08,0.197111,1.19209e-07,0.980381,0.0252377,-0,0,0,0,0,1
45,1765888720676,0.0241747,0.0172301,-0.00417916,0.950943,-0.1292,-0.119359,-0.254497,0.0419862,-0,0,-9.31323e-09,0.00110991,-7.45058e-08,0.999999,0.0299928,-0,0,3.72529e-08,0.0190504,1.19209e-07,0.999819,0.0252377,-0,0,0,0,0,1
46,1765888720709,0.0241747,0.0172301,-0.00417916,0.951293,-0.0166563,-0.149339,-0.269186,0.0419862,-0,0,5.16884e-08,-0.00642101,3.35276e-08,0.999979,0.0299928,-0,0,-2.02563e-08,-0.0957849,-2.98023e-08,0.995402,0.0252377,-0,0,0,0,0,1
47,1765888720742,0.0241747,0.0172301,-0.00417916,0.93431,0.0827902,-0.16544,-0.304698,0.0419862,-0,0,-4.37722e-08,-0.0112686,4.47035e-08,0.999937,0.0299928,-0,0,4.28408e-08,-0.184741,-5.58794e-08,0.982787,0.0252377,-0,0,0,0,0,1
48,1765888720776,0.0241747,0.0172301,-0.00417916,0.919771,0.147647,-0.170345,-0.321255,0.0419862,-0,0,1.30385e-08,-0.0119995,1.49012e-08,0.999928,0.0299928,-0,0,-2.98023e-08,-0.240927,2.23517e-08,0.970543,0.0252377,-0,0,0,0,0,1
49,1765888720809,0.0241747,0.0172301,-0.00417916,0.910274,0.170743,-0.167149,-0.338096,0.0419862,-0,0,4.47035e-08,-0.0121265,8.9407e-08,0.999926,0.0299928,-0,0,-5.96046e-08,-0.265827,-7.45058e-08,0.964021,0.0252377,-0,0,0,0,0,1
50,1765888720842,0.0241747,0.0172301,-0.00417916,0.901917,0.179208,-0.16468,-0.356806,0.0419862,-0,0,3.72529e-09,-0.0116083,-2.98023e-08,0.999933,0.0299928,-0,0,0,-0.284818,-8.9407e-08,0.958582,0.0252377,-0,0,0,0,0,1
51,1765888720876,0.0241747,0.0172301,-0.00417916,0.900911,0.180871,-0.162164,-0.359649,0.0419862,-0,0,7.07805e-08,-0.0114934,4.47035e-08,0.999934,0.0299928,-0,0,-1.45286e-07,-0.285627,-4.47035e-08,0.958341,0.0252377,-0,0,0,0,0,1
52,1765888720909,0.0241747,0.0172301,-0.00417916,0.900616,0.176796,-0.155542,-0.365294,0.0419862,-0,0,-7.45058e-08,-0.0121371,-4.47035e-08,0.999926,0.0299928,-0,0,-4.09782e-08,-0.279331,0,0.960195,0.0252377,-0,0,0,0,0,1
53,1765888720942,0.0241747,0.0172301,-0.00417916,0.900932,0.167564,-0.144622,-0.373266,0.0419862,-0,0,5.02914e-08,-0.011941,-5.96047e-08,0.999929,0.0299928,-0,0,-8.19564e-08,-0.269692,1.49012e-07,0.962947,0.0252377,-0,0,0,0,0,1
54,1765888720975,0.0241747,0.0172301,-0.00417916,0.904373,0.147362,-0.130506,-0.378633,0.0419862,-0,0,-5.40167e-08,-0.0122049,1.04308e-07,0.999925,0.0299928,-0,0,2.6077e-08,-0.25085,-1.41561e-07,0.968026,0.0252377,-0,0,0,0,0,1
55,1765888721009,0.0241747,0.0172301,-0.00417916,0.918048,0.0981614,-0.114656,-0.366614,0.0419862,-0,0,-1.49012e-08,-0.0117054,4.47035e-08,0.999932,0.0299928,-0,0,-9.31322e-08,-0.1988,-1.11759e-07,0.98004,0.0252377,-0,0,0,0,0,1
56,1765888721042,0.0241747,0.0172301,-0.00417916,0.944478,0.0112957,-0.100189,-0.312724,0.0419862,-0,0,8.49832e-09,-0.00695667,-4.09782e-08,0.999976,0.0299928,-0,0,5.47152e-08,-0.101508,6.79866e-08,0.994835,0.0252377,-0,0,0,0,0,1
57,1765888721075,0.0241747,0.0172301,-0.00417916,0.951133,-0.0936725,-0.0884678,-0.280617,0.0419862,-0,0,1.86265e-09,-0.000684738,0,1,0.0299928,-0,0,-1.11759e-08,-0.010713,-1.49012e-08,0.999943,0.0252377,-0,0,0,0,0,1
58,1765888721109,0.0241747,0.0172301,-0.00417916,0.940059,-0.178283,-0.0849233,-0.278016,0.0419862,-0,0,-3.72529e-09,0.00469533,-2.98023e-08,0.999989,0.0299928,-0,0,4.47035e-08,0.0843022,8.9407e-08,0.99644,0.0252377,-0,0,0,0,0,1
59,1765888721142,0.0241747,0.0172301,-0.00417916,0.926716,-0.220839,-0.0735823,-0.294981,0.0419862,-0,0,-1.86265e-09,0.00852484,-1.49012e-08,0.999964,0.0299928,-0,0,-1.30385e-08,0.190129,0,0.981759,0.0252377,-0,0,0,0,0,1
60,1765888721175,0.0241747,0.0172301,-0.00417916,0.916976,-0.23745,-0.0696119,-0.312931,0.0419862,-0,0,2.23517e-08,0.0104647,8.9407e-08,0.999945,0.0299928,-0,0,-2.23517e-08,0.273872,-1.78814e-07,0.961766,0.0252377,-0,0,0,0,0,1
61,1765888721209,0.0241747,0.0172301,-0.00417916,0.914945,-0.243061,-0.0694784,-0.314593,0.0419862,-0,0,1.22935e-07,0.0108538,5.96047e-08,0.999941,0.0299928,-0,0,-7.07805e-08,0.30554,4.47035e-08,0.952179,0.0252377,-0,0,0,0,0,1
62,1765888721242,0.0241747,0.0172301,-0.00417916,0.914977,-0.245197,-0.0702209,-0.312672,0.0419862,-0,0,-2.98023e-08,0.0109936,7.45058e-08,0.99994,0.0299928,-0,0,1.11759e-08,0.321129,0,0.947035,0.0252377,-0,0,0,0,0,1
63,1765888721275,0.0241747,0.0172301,-0.00417916,0.915326,-0.247752,-0.0714916,-0.309332,0.0419862,-0,0,2.6077e-08,0.0104258,1.49012e-07,0.999946,0.0299928,-0,0,-4.09782e-08,0.327286,-1.3411e-07,0.944925,0.0252377,-0,0,0,0,0,1
64,1765888721308,0.0241747,0.0172301,-0.00417916,0.915859,-0.249069,-0.0715426,-0.306674,0.0419862,-0,0,8.3819e-08,0.0101135,2.38419e-07,0.999949,0.0299928,-0,0,-2.98023e-08,0.32515,-2.08616e-07,0.945662,0.0252377,-0,0,0,0,0,1
65,1765888721342,0.0241747,0.0172301,-0.00417916,0.916589,-0.250725,-0.0715161,-0.303129,0.0419862,-0,0,-4.65661e-08,0.00999045,2.98023e-08,0.99995,0.0299928,-0,0,3.72529e-09,0.323733,-8.9407e-08,0.946149,0.0252377,-0,0,0,0,0,1
66,1765888721375,0.0241747,0.0172301,-0.00417916,0.918078,-0.250846,-0.0716628,-0.298453,0.0419862,-0,0,-1.11759e-08,0.00974809,-3.27826e-07,0.999952,0.0299928,-0,0,-2.6077e-08,0.319508,3.27826e-07,0.947583,0.0252377,-0,0,0,0,0,1
67,1765888721408,0.0241747,0.0172301,-0.00417916,0.917839,-0.251063,-0.0703444,-0.299317,0.0419862,-0,0,-9.31323e-09,0.0099409,-2.98023e-08,0.999951,0.0299928,-0,0,-7.45058e-09,0.318588,8.9407e-08,0.947893,0.0252377,-0,0,0,0,0,1
68,1765888721441,0.0241747,0.0172301,-0.00417916,0.919529,-0.250022,-0.0669137,-0.295768,0.0419862,-0,0,-2.79397e-08,0.00968078,5.96046e-08,0.999953,0.0299928,-0,0,0,0.292792,-2.08616e-07,0.956176,0.0252377,-0,0,0,0,0,1
69,1765888721474,0.0241747,0.0172301,-0.00417916,0.93278,-0.215626,-0.0649228,-0.281446,0.0419862,-0,0,-4.84288e-08,0.00863362,2.98023e-08,0.999963,0.0299928,-0,0,-2.79397e-08,0.173902,1.49012e-08,0.984763,0.0252377,-0,0,0,0,0,1
70,1765888721507,0.0241747,0.0172301,-0.00417916,0.951331,-0.129245,-0.0821138,-0.267435,0.0419862,-0,0,1.30385e-08,0.000979543,-2.98023e-08,1,0.0299928,-0,0,2.98023e-08,0.0154959,7.45058e-08,0.99988,0.0252377,-0,0,0,0,0,1
71,1765888721540,0.0241747,0.0172301,-0.00417916,0.947214,-0.0179464,-0.114857,-0.298785,0.0419862,-0,0,7.91624e-09,-0.00733914,-1.11759e-08,0.999973,0.0299928,-0,0,8.9989e-08,-0.108608,1.11759e-08,0.994085,0.0252377,-0,0,0,0,0,1
72,1765888721574,0.0241747,0.0172301,-0.00417916,0.927345,0.0835911,-0.128621,-0.341321,0.0419862,-0,0,3.35276e-08,-0.012227,1.49012e-08,0.999925,0.0299928,-0,0,3.91156e-08,-0.203471,-2.98023e-08,0.979081,0.0252377,-0,0,0,0,0,1
73,1765888721607,0.0241747,0.0172301,-0.00417916,0.908494,0.139142,-0.140052,-0.368326,0.0419862,-0,0,-1.06171e-07,-0.012788,4.47035e-08,0.999918,0.0299928,-0,0,2.23517e-08,-0.262424,-6.70552e-08,0.964953,0.0252377,-0,0,0,0,0,1
74,1765888721640,0.0241747,0.0172301,-0.00417916,0.90423,0.153574,-0.143681,-0.371671,0.0419862,-0,0,5.21541e-08,-0.0127255,-2.23517e-08,0.999919,0.0299928,-0,0,-2.98023e-08,-0.283714,-2.98023e-08,0.958909,0.0252377,-0,0,0,0,0,1
75,1765888721673,0.0241747,0.0172301,-0.00417916,0.901966,0.165079,-0.146991,-0.370945,0.0419862,-0,0,1.86265e-09,-0.0124214,4.47035e-08,0.999923,0.0299928,-0,0,-5.96046e-08,-0.289424,4.47035e-08,0.957201,0.0252377,-0,0,0,0,0,1
76,1765888721707,0.0241747,0.0172301,-0.00417916,0.899839,0.169658,-0.150529,-0.372623,0.0419862,-0,0,-9.31322e-09,-0.0121411,-1.49012e-08,0.999926,0.0299928,-0,0,7.45058e-09,-0.287436,0,0.9578,0.0252377,-0,0,0,0,0,1
77,1765888721740,0.0241747,0.0172301,-0.00417916,0.898668,0.163976,-0.149104,-0.378519,0.0419862,-0,0,-6.33299e-08,-0.0121813,1.63913e-07,0.999926,0.0299928,-0,0,0,-0.279168,-2.01166e-07,0.960242,0.0252377,-0,0,0,0,0,1
78,1765888721773,0.0241747,0.0172301,-0.00417916,0.901674,0.141399,-0.136541,-0.385158,0.0419862,-0,0,2.23517e-08,-0.0125717,-1.49012e-07,0.999921,0.0299928,-0,0,3.72529e-09,-0.254639,2.08616e-07,0.967036,0.0252377,-0,0,0,0,0,1
79,1765888721806,0.0241747,0.0172301,-0.00417916,0.915985,0.0953562,-0.125515,-0.368952,0.0419862,-0,0,3.35276e-08,-0.0117906,2.23517e-08,0.999931,0.0299928,-0,0,-7.82311e-08,-0.197101,-5.21541e-08,0.980383,0.0252377,-0,0,0,0,0,1
80,1765888721839,0.0241747,0.0172301,-0.00417916,0.941422,0.00811005,-0.110551,-0.318492,0.0419862,-0,0,-5.05243e-08,-0.0066338,5.40167e-08,0.999978,0.0299928,-0,0,4.77303e-08,-0.0981727,-1.07102e-07,0.995169,0.0252377,-0,0,0,0,0,1
81,1765888721873,0.0241747,0.0172301,-0.00417916,0.941586,-0.11209,-0.0831586,-0.306491,0.0419862,-0,0,-2.23517e-08,0.00097388,-2.98023e-08,1,0.0299928,-0,0,4.00469e-08,0.0178265,4.47035e-08,0.999841,0.0252377,-0,0,0,0,0,1
82,1765888721906,0.0241747,0.0172301,-0.00417916,0.923478,-0.199309,-0.0614183,-0.322012,0.0419862,-0,0,-1.49012e-08,0.00885549,1.19209e-07,0.999961,0.0299928,-0,0,-5.7742e-08,0.180394,-2.08616e-07,0.983595,0.0252377,-0,0,0,0,0,1
83,1765888721939,0.0241747,0.0172301,-0.00417916,0.916768,-0.225026,-0.0519982,-0.325877,0.0419862,-0,0,-5.7742e-08,0.0108412,-2.98023e-08,0.999941,0.0299928,-0,0,3.35276e-08,0.267695,7.45058e-08,0.963504,0.0252377,-0,0,0,0,0,1
84,1765888721973,0.0241747,0.0172301,-0.00417916,0.916924,-0.233834,-0.0515108,-0.319248,0.0419862,-0,0,-5.58794e-08,0.0111239,-7.45058e-08,0.999938,0.0299928,-0,0,1.67638e-08,0.298884,0,0.95429,0.0252377,-0,0,0,0,0,1
85,1765888722006,0.0241747,0.0172301,-0.00417916,0.917942,-0.237059,-0.051082,-0.313968,0.0419862,-0,0,-4.09782e-08,0.0113442,-1.49012e-07,0.999936,0.0299928,-0,0,-1.11759e-08,0.312929,2.38419e-07,0.949777,0.0252377,-0,0,0,0,0,1
86,1765888722039,0.0241747,0.0172301,-0.00417916,0.918127,-0.239006,-0.050628,-0.312018,0.0419862,-0,0,-1.49012e-08,0.0116383,5.96046e-08,0.999932,0.0299928,-0,0,1.49012e-08,0.317801,-8.9407e-08,0.948157,0.0252377,-0,0,0,0,0,1
87,1765888722072,0.0241747,0.0172301,-0.00417916,0.919866,-0.239775,-0.0504559,-0.30628,0.0419862,-0,0,7.82311e-08,0.0115138,-1.49012e-08,0.999934,0.0299928,-0,0,-5.02914e-08,0.312011,1.3411e-07,0.950078,0.0252377,-0,0,0,0,0,1
88,1765888722106,0.0241747,0.0172301,-0.00417916,0.919726,-0.235019,-0.0464688,-0.310984,0.0419862,-0,0,6.33299e-08,0.0127237,-2.98023e-08,0.999919,0.0299928,-0,0,3.1665e-08,0.306328,4.47035e-08,0.951926,0.0252377,-0,0,0,0,0,1
89,1765888722139,0.0241747,0.0172301,-0.00417916,0.929754,-0.212531,-0.0412414,-0.297805,0.0419862,-0,0,-1.30385e-08,0.01152,-4.47035e-08,0.999934,0.0299928,-0,0,2.23517e-08,0.225772,7.45058e-08,0.97418,0.0252377,-0,0,0,0,0,1
90,1765888722172,0.0241747,0.0172301,-0.00417916,0.944942,-0.154282,-0.0471271,-0.284712,0.0419862,-0,0,8.47504e-08,0.0067067,0,0.999978,0.0299928,-0,0,-4.09782e-08,0.105939,1.49012e-08,0.994373,0.0252377,-0,0,0,0,0,1
91,1765888722205,0.0241747,0.0172301,-0.00417916,0.944756,-0.082825,-0.0477168,-0.313528,0.0419862,-0,0,-1.07102e-08,0.00153754,1.49012e-08,0.999999,0.0299928,-0,0,-2.8871e-08,0.0237209,-1.49012e-08,0.999719,0.0252377,-0,0,0,0,0,1
92,1765888722239,0.0241747,0.0172301,-0.00417916,0.931612,-0.0285033,-0.0399727,-0.360124,0.0419862,-0,0,4.00469e-08,-0.0010574,3.72529e-09,0.999999,0.0299928,-0,0,2.93367e-08,-0.0169185,2.23517e-08,0.999857,0.0252377,-0,0,0,0,0,1
93,1765888722272,0.0241747,0.0172301,-0.00417916,0.911478,0.0295811,-0.0384456,-0.408479,0.0419862,-0,0,-7.74162e-09,-0.00468478,-7.45058e-09,0.999989,0.0299928,-0,0,-3.86499e-08,-0.0706617,9.31323e-10,0.9975,0.0252377,-0,0,0,0,0,1
94,1765888722305,0.0241747,0.0172301,-0.00417916,0.892223,0.0738254,-0.0443394,-0.443307,0.0419862,-0,0,5.96046e-08,-0.00838536,3.72529e-09,0.999965,0.0299928,-0,0,-5.6345e-08,-0.134415,4.09782e-08,0.990925,0.0252377,-0,0,0,0,0,1
95,1765888722339,0.0241747,0.0172301,-0.00417916,0.884329,0.0957589,-0.0472617,-0.454487,0.0419862,-0,0,5.07571e-08,-0.0103377,-2.23517e-08,0.999947,0.0299928,-0,0,-7.82311e-08,-0.179307,9.68576e-08,0.983793,0.0252377,-0,0,0,0,0,1
96,1765888722372,0.0241747,0.0172301,-0.00417916,0.869261,0.112782,-0.0413153,-0.479539,0.0419862,-0,0,1.30385e-08,-0.0106036,-2.98023e-08,0.999944,0.0299928,-0,0,-8.00937e-08,-0.197869,7.45058e-09,0.980228,0.0252377,-0,0,0,0,0,1
97,1765888722405,0.0241747,0.0172301,-0.00417916,0.859695,0.119873,-0.0287987,-0.495707,0.0419862,-0,0,1.0943e-08,-0.0108119,1.49012e-08,0.999942,0.0299928,-0,0,1.02445e-07,-0.203428,-5.96046e-08,0.97909,0.0252377,-0,0,0,0,0,1
98,1765888722438,0.0241747,0.0172301,-0.00417916,0.85412,0.115392,-0.0166749,-0.506839,0.0419862,-0,0,3.67872e-08,-0.0109038,7.45058e-09,0.999941,0.0299928,-0,0,-3.86499e-08,-0.201974,3.72529e-08,0.979391,0.0252377,-0,0,0,0,0,1
99,1765888722472,0.0241747,0.0172301,-0.00417916,0.856423,0.108279,-0.0122986,-0.504642,0.0419862,-0,0,-8.78936e-08,-0.0106972,7.45058e-09,0.999943,0.0299928,-0,0,5.6345e-08,-0.196568,1.49012e-08,0.98049,0.0252377,-0,0,0,0,0,1
100,1765888722505,0.0241747,0.0172301,-0.00417916,0.863644,0.103733,-0.0141335,-0.493111,0.0419862,-0,0,-5.39003e-08,-0.0112168,-7.45058e-09,0.999937,0.0299928,-0,0,2.32831e-09,-0.203752,1.49012e-08,0.979023,0.0252377,-0,0,0,0,0,1
101,1765888722538,0.0241747,0.0172301,-0.00417916,0.879209,0.103808,-0.0405988,-0.463214,0.0419862,-0,0,-2.18861e-08,-0.013131,-5.96046e-08,0.999914,0.0299928,-0,0,-3.72529e-08,-0.245363,1.11759e-07,0.969431,0.0252377,-0,0,0,0,0,1
102,1765888722571,0.0241747,0.0172301,-0.00417916,0.897833,0.100898,-0.0724413,-0.422454,0.0419862,-0,0,-1.27126e-07,-0.015536,4.47035e-08,0.999879,0.0299928,-0,0,-3.72529e-09,-0.295138,-3.72529e-08,0.955455,0.0252377,-0,0,0,0,0,1
103,1765888722604,0.0241747,0.0172301,-0.00417916,0.925548,0.0808554,-0.120454,-0.349733,0.0419862,-0,0,5.30854e-08,-0.0176434,6.70552e-08,0.999844,0.0299928,-0,0,-3.1665e-08,-0.325542,-1.00583e-07,0.945528,0.0252377,-0,0,0,0,0,1
104,1765888722638,0.0241747,0.0172301,-0.00417916,0.937086,0.0632816,-0.160624,-0.303423,0.0419862,-0,0,-2.51457e-08,-0.0196315,2.23517e-08,0.999807,0.0299928,-0,0,0,-0.360295,1.49012e-08,0.932838,0.0252377,-0,0,0,0,0,1
105,1765888722671,0.0241747,0.0172301,-0.00417916,0.946106,0.0530956,-0.206546,-0.243726,0.0419862,-0,0,4.65661e-08,-0.0195421,2.6077e-08,0.999809,0.0299928,-0,0,1.49012e-08,-0.380861,-4.09782e-08,0.924632,0.0252377,-0,0,0,0,0,1
106,1765888722704,0.0241747,0.0172301,-0.00417916,0.946856,0.0498747,-0.235621,-0.21321,0.0419862,-0,0,-2.23517e-08,-0.0196392,-6.14673e-08,0.999807,0.0299928,-0,0,4.09782e-08,-0.401073,3.72529e-08,0.916046,0.0252377,-0,0,0,0,0,1
107,1765888722737,0.0241747,0.0172301,-0.00417916,0.943775,0.0517384,-0.250814,-0.209055,0.0419862,-0,0,-4.84288e-08,-0.019638,2.04891e-08,0.999807,0.0299928,-0,0,-2.6077e-08,-0.430157,2.6077e-08,0.902754,0.0252377,-0,0,0,0,0,1
108,1765888722770,0.0241747,0.0172301,-0.00417916,0.943435,0.0538842,-0.256152,-0.203501,0.0419862,-0,0,3.25963e-08,-0.0201004,2.6077e-08,0.999798,0.0299928,-0,0,-4.09782e-08,-0.44373,6.33299e-08,0.896161,0.0252377,-0,0,0,0,0,1
109,1765888722804,0.0241747,0.0172301,-0.00417916,0.942934,0.0563033,-0.260666,-0.199393,0.0419862,-0,0,-2.8871e-08,-0.0200948,0,0.999798,0.0299928,-0,0,-3.72529e-09,-0.452941,5.58794e-08,0.89154,0.0252377,-0,0,0,0,0,1
110,1765888722837,0.0241747,0.0172301,-0.00417916,0.942296,0.0592767,-0.263986,-0.197168,0.0419862,-0,0,-2.79397e-09,-0.0197176,-5.58794e-08,0.999806,0.0299928,-0,0,-2.6077e-08,-0.455555,1.04308e-07,0.890208,0.0252377,-0,0,0,0,0,1
111,1765888722870,0.0241747,0.0172301,-0.00417916,0.941856,0.0620946,-0.2652,-0.196775,0.0419862,-0,0,-2.04891e-08,-0.0195077,-1.11759e-08,0.99981,0.0299928,-0,0,-1.11759e-08,-0.456147,-7.45058e-09,0.889904,0.0252377,-0,0,0,0,0,1
112,1765888722903,0.0241747,0.0172301,-0.00417916,0.942631,0.0665617,-0.264531,-0.192457,0.0419862,-0,0,2.23517e-08,-0.0187876,3.72529e-09,0.999824,0.0299928,-0,0,2.98023e-08,-0.446519,-7.07805e-08,0.894774,0.0252377,-0,0,0,0,0,1
113,1765888722937,0.0241747,0.0172301,-0.00417916,0.943846,0.0752277,-0.253998,-0.197436,0.0419862,-0,0,3.91155e-08,-0.0184911,5.21541e-08,0.999829,0.0299928,-0,0,-7.45058e-09,-0.408185,-4.09782e-08,0.912899,0.0252377,-0,0,0,0,0,1
114,1765888722970,0.0241747,0.0172301,-0.00417916,0.944079,0.0728812,-0.211859,-0.241904,0.0419862,-0,0,3.44589e-08,-0.0175185,-1.11759e-08,0.999847,0.0299928,-0,0,-2.23517e-08,-0.336206,2.23517e-08,0.941788,0.0252377,-0,0,0,0,0,1
115,1765888723003,0.0241747,0.0172301,-0.00417916,0.903882,0.0621011,-0.11527,-0.40725,0.0419862,-0,0,1.01049e-07,-0.0159256,-6.51926e-08,0.999873,0.0299928,-0,0,-5.58794e-08,-0.264024,1.49012e-07,0.964516,0.0252377,-0,0,0,0,0,1
116,1765888723037,0.0241747,0.0172301,-0.00417916,0.850164,0.080646,-0.00320135,-0.520295,0.0419862,-0,0,-9.82545e-08,-0.0104882,-3.72529e-09,0.999945,0.0299928,-0,0,-1.07102e-08,-0.159504,2.98023e-08,0.987197,0.0252377,-0,0,0,0,0,1
117,1765888723070,0.0241747,0.0172301,-0.00417916,0.832467,0.0883653,0.0356031,-0.545823,0.0419862,-0,0,-8.801e-08,-0.00929948,1.11759e-08,0.999957,0.0299928,-0,0,-7.43894e-08,-0.145113,7.45058e-08,0.989415,0.0252377,-0,0,0,0,0,1
118,1765888723103,0.0241747,0.0172301,-0.00417916,0.827817,0.0857142,0.04862,-0.552275,0.0419862,-0,0,7.19447e-08,-0.00826839,-7.45058e-09,0.999966,0.0299928,-0,0,2.91038e-08,-0.132674,7.45058e-09,0.99116,0.0252377,-0,0,0,0,0,1
119,1765888723136,0.0241747,0.0172301,-0.00417916,0.823942,0.0821492,0.0540022,-0.55808,0.0419862,-0,0,1.18511e-07,-0.00776308,3.35276e-08,0.99997,0.0299928,-0,0,-3.72529e-09,-0.125329,-1.49012e-08,0.992115,0.0252377,-0,0,0,0,0,1
120,1765888723170,0.0241747,0.0172301,-0.00417916,0.815397,0.085819,0.0593492,-0.569421,0.0419862,-0,0,2.93367e-08,-0.00872627,-1.49012e-08,0.999962,0.0299928,-0,0,5.4948e-08,-0.13606,3.72529e-09,0.990701,0.0252377,-0,0,0,0,0,1
121,1765888723203,0.0241747,0.0172301,-0.00417916,0.811232,0.0884054,0.0607297,-0.574803,0.0419862,-0,0,-7.82311e-08,-0.00848741,-1.11759e-08,0.999964,0.0299928,-0,0,1.76951e-08,-0.138888,5.21541e-08,0.990308,0.0252377,-0,0,0,0,0,1
122,1765888723236,0.0241747,0.0172301,-0.00417916,0.810124,0.0886525,0.0597316,-0.57643,0.0419862,-0,0,-1.25961e-07,-0.00816141,-2.98023e-08,0.999967,0.0299928,-0,0,-4.19095e-08,-0.133999,1.49012e-08,0.990981,0.0252377,-0,0,0,0,0,1
123,1765888723269,0.0241747,0.0172301,-0.00417916,0.82094,0.0877727,0.0536501,-0.561671,0.0419862,-0,0,8.03266e-08,-0.00766797,-1.11759e-08,0.999971,0.0299928,-0,0,4.05125e-08,-0.124023,-2.23517e-08,0.992279,0.0252377,-0,0,0,0,0,1
124,1765888723302,0.0241747,0.0172301,-0.00417916,0.850044,0.0864198,0.0220927,-0.519104,0.0419862,-0,0,-4.88653e-08,-0.00736426,-3.72529e-09,0.999973,0.0299928,-0,0,1.54541e-08,-0.11292,7.45058e-09,0.993604,0.0252377,-0,0,0,0,0,1
125,1765888723336,0.0241747,0.0172301,-0.00417916,0.891493,0.0864551,-0.0296892,-0.443716,0.0419862,-0,0,-1.19209e-07,-0.00906569,3.72529e-09,0.999959,0.0299928,-0,0,1.48546e-07,-0.138689,2.6077e-08,0.990336,0.0252377,-0,0,0,0,0,1
126,1765888723369,0.0241747,0.0172301,-0.00417916,0.915878,0.096588,-0.0797827,-0.38141,0.0419862,-0,0,-6.42613e-08,-0.0116974,1.49012e-08,0.999932,0.0299928,-0,0,4.47035e-08,-0.191152,-5.21541e-08,0.98156,0.0252377,-0,0,0,0,0,1
127,1765888723402,0.0241747,0.0172301,-0.00417916,0.932334,0.125608,-0.169816,-0.293492,0.0419862,-0,0,-4.09782e-08,-0.0132986,-2.23517e-08,0.999912,0.0299928,-0,0,4.47035e-08,-0.257213,-5.96046e-08,0.966355,0.0252377,-0,0,0,0,0,1
128,1765888723435,0.0241747,0.0172301,-0.00417916,0.931936,0.150198,-0.231313,-0.235437,0.0419862,-0,0,-2.98023e-08,-0.0124716,-3.72529e-08,0.999922,0.0299928,-0,0,1.86264e-08,-0.284739,8.19564e-08,0.958605,0.0252377,-0,0,0,0,0,1
129,1765888723469,0.0241747,0.0172301,-0.00417916,0.925937,0.156341,-0.255556,-0.229976,0.0419862,-0,0,-2.98023e-08,-0.01183,-1.49012e-08,0.99993,0.0299928,-0,0,8.19564e-08,-0.304465,2.98023e-08,0.952523,0.0252377,-0,0,0,0,0,1
130,1765888723502,0.0241747,0.0172301,-0.00417916,0.924468,0.159507,-0.259593,-0.229187,0.0419862,-0,0,-4.09782e-08,-0.0117399,-2.98023e-08,0.999931,0.0299928,-0,0,3.72529e-08,-0.314808,1.49012e-07,0.949155,0.0252377,-0,0,0,0,0,1
131,1765888723535,0.0241747,0.0172301,-0.00417916,0.922857,0.160567,-0.261106,-0.23319,0.0419862,-0,0,3.35276e-08,-0.011689,1.49012e-08,0.999932,0.0299928,-0,0,-2.23517e-08,-0.318179,0,0.948031,0.0252377,-0,0,0,0,0,1
132,1765888723568,0.0241747,0.0172301,-0.00417916,0.921822,0.157868,-0.253493,-0.247108,0.0419862,-0,0,-9.68576e-08,-0.0117537,-1.49012e-08,0.999931,0.0299928,-0,0,2.23517e-08,-0.313202,4.47035e-08,0.949686,0.0252377,-0,0,0,0,0,1
133,1765888723601,0.0241747,0.0172301,-0.00417916,0.911969,0.14952,-0.20261,-0.323891,0.0419862,-0,0,-2.98023e-08,-0.0125558,1.2666e-07,0.999921,0.0299928,-0,0,1.86264e-08,-0.298632,-2.23517e-07,0.954368,0.0252377,-0,0,0,0,0,1
134,1765888723635,0.0241747,0.0172301,-0.00417916,0.871527,0.140178,-0.0927856,-0.460631,0.0419862,-0,0,1.11759e-08,-0.0132101,-7.45058e-09,0.999913,0.0299928,-0,0,8.19564e-08,-0.252627,2.23517e-08,0.967564,0.0252377,-0,0,0,0,0,1
135,1765888723668,0.0241747,0.0172301,-0.00417916,0.824504,0.126018,0.0141599,-0.551464,0.0419862,-0,0,1.69384e-08,-0.0110024,7.45058e-09,0.99994,0.0299928,-0,0,4.56348e-08,-0.177774,-4.47035e-08,0.984071,0.0252377,-0,0,0,0,0,1
136,1765888723701,0.0241747,0.0172301,-0.00417916,0.816927,0.110709,0.0547158,-0.563364,0.0419862,-0,0,-4.51691e-08,-0.00928165,-3.35276e-08,0.999957,0.0299928,-0,0,-3.3062e-08,-0.148525,4.47035e-08,0.988909,0.0252377,-0,0,0,0,0,1
137,1765888723735,0.0241747,0.0172301,-0.00417916,0.821097,0.103537,0.0615155,-0.557939,0.0419862,-0,0,1.0035e-07,-0.00874706,-4.09782e-08,0.999962,0.0299928,-0,0,4.56348e-08,-0.140649,1.11759e-08,0.990059,0.0252377,-0,0,0,0,0,1
138,1765888723768,0.0241747,0.0172301,-0.00417916,0.830056,0.0971716,0.0648979,-0.545301,0.0419862,-0,0,-9.35979e-08,-0.00822721,-7.45058e-09,0.999966,0.0299928,-0,0,5.82077e-08,-0.130895,7.45058e-09,0.991396,0.0252377,-0,0,0,0,0,1
139,1765888723801,0.0241747,0.0172301,-0.00417916,0.835142,0.0951718,0.0653826,-0.537778,0.0419862,-0,0,-7.82311e-08,-0.00815386,-1.49012e-08,0.999967,0.0299928,-0,0,1.3737e-07,-0.130472,-4.09782e-08,0.991452,0.0252377,-0,0,0,0,0,1
140,1765888723835,0.0241747,0.0172301,-0.00417916,0.837382,0.101779,0.0505703,-0.534674,0.0419862,-0,0,3.88827e-08,-0.00938645,-1.49012e-08,0.999956,0.0299928,-0,0,-1.86265e-09,-0.148042,1.86265e-08,0.988981,0.0252377,-0,0,0,0,0,1
141,1765888723868,0.0241747,0.0172301,-0.00417916,0.85393,0.115986,0.00901568,-0.507217,0.0419862,-0,0,-2.02563e-08,-0.0117457,2.98023e-08,0.999931,0.0299928,-0,0,-2.65427e-08,-0.18809,1.49012e-08,0.982152,0.0252377,-0,0,0,0,0,1
142,1765888723901,0.0241747,0.0172301,-0.00417916,0.887516,0.122972,-0.0531997,-0.440867,0.0419862,-0,0,-3.72529e-08,-0.0129804,-2.23517e-08,0.999916,0.0299928,-0,0,3.72529e-08,-0.218029,4.47035e-08,0.975942,0.0252377,-0,0,0,0,0,1
143,1765888723935,0.0241747,0.0172301,-0.00417916,0.906218,0.142557,-0.131328,-0.375766,0.0419862,-0,0,-6.14673e-08,-0.0142441,1.19209e-07,0.999899,0.0299928,-0,0,-4.84288e-08,-0.289684,-1.56462e-07,0.957122,0.0252377,-0,0,0,0,0,1
144,1765888723968,0.0241747,0.0172301,-0.00417916,0.914503,0.167219,-0.21047,-0.302364,0.0419862,-0,0,-2.6077e-08,-0.0125108,1.49012e-08,0.999922,0.0299928,-0,0,-2.98023e-08,-0.329223,3.72529e-08,0.944252,0.0252377,-0,0,0,0,0,1
145,1765888724001,0.0241747,0.0172301,-0.00417916,0.912924,0.177,-0.224675,-0.291139,0.0419862,-0,0,-1.49012e-08,-0.0120291,-5.96046e-08,0.999928,0.0299928,-0,0,-2.23517e-08,-0.330218,1.63913e-07,0.943905,0.0252377,-0,0,0,0,0,1
146,1765888724035,0.0241747,0.0172301,-0.00417916,0.909023,0.186581,-0.225664,-0.296547,0.0419862,-0,0,-5.58794e-08,-0.0114006,-1.49012e-08,0.999935,0.0299928,-0,0,9.68575e-08,-0.329338,5.96046e-08,0.944212,0.0252377,-0,0,0,0,0,1
147,1765888724068,0.0241747,0.0172301,-0.00417916,0.896189,0.200441,-0.209057,-0.336102,0.0419862,-0,0,5.21541e-08,-0.0109148,7.45058e-08,0.99994,0.0299928,-0,0,-5.96046e-08,-0.319341,-7.45058e-08,0.94764,0.0252377,-0,0,0,0,0,1
148,1765888724101,0.0241747,0.0172301,-0.00417916,0.88901,0.187152,-0.182303,-0.376032,0.0419862,-0,0,-1.49012e-08,-0.0118876,-1.49012e-08,0.999929,0.0299928,-0,0,-4.47035e-08,-0.296093,1.49012e-08,0.955159,0.0252377,-0,0,0,0,0,1
149,1765888724134,0.0241747,0.0172301,-0.00417916,0.905429,0.14711,-0.168361,-0.360848,0.0419862,-0,0,7.45058e-09,-0.013018,-4.47035e-08,0.999915,0.0299928,-0,0,3.72529e-08,-0.247974,1.11759e-07,0.968767,0.0252377,-0,0,0,0,0,1
150,1765888724168,0.0241747,0.0172301,-0.00417916,0.934639,0.0579873,-0.141882,-0.320868,0.0419862,-0,0,-5.44824e-08,-0.0091757,5.7742e-08,0.999958,0.0299928,-0,0,-6.70552e-08,-0.137963,-4.09782e-08,0.990437,0.0252377,-0,0,0,0,0,1
151,1765888724201,0.0241747,0.0172301,-0.00417916,0.947689,-0.0825738,-0.113934,-0.286508,0.0419862,-0,0,5.58794e-09,-0.000855178,7.45058e-09,1,0.0299928,-0,0,-5.68107e-08,-0.015713,-3.72529e-08,0.999877,0.0252377,-0,0,0,0,0,1
152,1765888724234,0.0241747,0.0172301,-0.00417916,0.925687,-0.186686,-0.0947611,-0.315075,0.0419862,-0,0,-1.11759e-08,0.00639997,-2.98023e-08,0.999979,0.0299928,-0,0,2.04891e-08,0.132722,-1.49012e-08,0.991153,0.0252377,-0,0,0,0,0,1
153,1765888724267,0.0241747,0.0172301,-0.00417916,0.910306,-0.227205,-0.0801373,-0.3366,0.0419862,-0,0,9.31322e-09,0.00982684,2.98023e-08,0.999952,0.0299928,-0,0,5.21541e-08,0.262516,-5.96046e-08,0.964928,0.0252377,-0,0,0,0,0,1
154,1765888724301,0.0241747,0.0172301,-0.00417916,0.903164,-0.24898,-0.0758017,-0.341405,0.0419862,-0,0,1.30385e-08,0.0106859,8.9407e-08,0.999943,0.0299928,-0,0,1.86265e-08,0.354393,-1.19209e-07,0.935097,0.0252377,-0,0,0,0,0,1
155,1765888724334,0.0241747,0.0172301,-0.00417916,0.899778,-0.254652,-0.0756131,-0.346171,0.0419862,-0,0,4.09782e-08,0.0109811,-2.98023e-08,0.99994,0.0299928,-0,0,-7.07805e-08,0.390657,2.98023e-08,0.920536,0.0252377,-0,0,0,0,0,1
156,1765888724367,0.0241747,0.0172301,-0.00417916,0.89985,-0.257767,-0.0742981,-0.343955,0.0419862,-0,0,-7.45058e-09,0.0103239,-1.19209e-07,0.999947,0.0299928,-0,0,-7.07805e-08,0.387311,7.45058e-08,0.921949,0.0252377,-0,0,0,0,0,1
157,1765888724401,0.0241747,0.0172301,-0.00417916,0.900465,-0.25816,-0.0748466,-0.341927,0.0419862,-0,0,2.23517e-08,0.0103236,1.19209e-07,0.999947,0.0299928,-0,0,5.21541e-08,0.38713,-1.3411e-07,0.922025,0.0252377,-0,0,0,0,0,1
158,1765888724434,0.0241747,0.0172301,-0.00417916,0.904267,-0.256451,-0.0735534,-0.333352,0.0419862,-0,0,5.21541e-08,0.0103506,2.08616e-07,0.999946,0.0299928,-0,0,3.72529e-08,0.371498,-1.49012e-07,0.928434,0.0252377,-0,0,0,0,0,1
159,1765888724467,0.0241747,0.0172301,-0.00417916,0.927563,-0.214617,-0.075516,-0.296419,0.0419862,-0,0,-6.33299e-08,0.00909208,0,0.999959,0.0299928,-0,0,-2.23517e-08,0.193866,-2.98023e-08,0.981028,0.0252377,-0,0,0,0,0,1
160,1765888724501,0.0241747,0.0172301,-0.00417916,0.948489,-0.12131,-0.108252,-0.27191,0.0419862,-0,0,1.49012e-08,4.98891e-05,-1.49012e-08,1,0.0299928,-0,0,3.72529e-08,0.00176188,2.98023e-08,0.999998,0.0252377,-0,0,0,0,0,1
161,1765888724534,0.0241747,0.0172301,-0.00417916,0.944364,-0.00191596,-0.154498,-0.290351,0.0419862,-0,0,-7.45058e-09,-0.00910726,-2.04891e-08,0.999959,0.0299928,-0,0,2.79397e-09,-0.138248,-2.98023e-08,0.990398,0.0252377,-0,0,0,0,0,1
162,1765888724567,0.0241747,0.0172301,-0.00417916,0.925357,0.102155,-0.189621,-0.311965,0.0419862,-0,0,-4.09782e-08,-0.013466,6.70552e-08,0.999909,0.0299928,-0,0,-2.23517e-08,-0.245342,-4.47035e-08,0.969437,0.0252377,-0,0,0,0,0,1
163,1765888724600,0.0241747,0.0172301,-0.00417916,0.903912,0.163694,-0.209168,-0.335255,0.0419862,-0,0,4.09782e-08,-0.0124937,-1.49012e-08,0.999922,0.0299928,-0,0,7.45058e-08,-0.302311,-1.11759e-07,0.953209,0.0252377,-0,0,0,0,0,1
164,1765888724633,0.0241747,0.0172301,-0.00417916,0.893649,0.184026,-0.205877,-0.353752,0.0419862,-0,0,-4.09782e-08,-0.0119434,1.49012e-08,0.999929,0.0299928,-0,0,-4.47035e-08,-0.318625,4.47035e-08,0.947881,0.0252377,-0,0,0,0,0,1
165,1765888724667,0.0241747,0.0172301,-0.00417916,0.890539,0.187519,-0.203738,-0.360926,0.0419862,-0,0,1.86265e-08,-0.0116933,-4.47035e-08,0.999932,0.0299928,-0,0,-5.96046e-08,-0.315,1.04308e-07,0.949091,0.0252377,-0,0,0,0,0,1
166,1765888724700,0.0241747,0.0172301,-0.00417916,0.890112,0.185738,-0.203402,-0.363083,0.0419862,-0,0,0,-0.0116522,2.98023e-08,0.999932,0.0299928,-0,0,-3.72529e-08,-0.310109,-2.98023e-08,0.950701,0.0252377,-0,0,0,0,0,1
167,1765888724733,0.0241747,0.0172301,-0.00417916,0.895385,0.172353,-0.198737,-0.359281,0.0419862,-0,0,5.58794e-08,-0.0119654,-5.96047e-08,0.999928,0.0299928,-0,0,-1.19209e-07,-0.288669,1.3411e-07,0.957429,0.0252377,-0,0,0,0,0,1
168,1765888724767,0.0241747,0.0172301,-0.00417916,0.922083,0.108778,-0.193896,-0.316754,0.0419862,-0,0,3.72529e-09,-0.0117939,0,0.99993,0.0299928,-0,0,-7.07805e-08,-0.212322,-7.45058e-09,0.9772,0.0252377,-0,0,0,0,0,1
169,1765888724800,0.0241747,0.0172301,-0.00417916,0.949241,-0.0133373,-0.179193,-0.258173,0.0419862,-0,0,-3.0268e-08,-0.00560689,-2.23517e-08,0.999984,0.0299928,-0,0,6.21658e-08,-0.0890065,-7.45058e-09,0.996031,0.0252377,-0,0,0,0,0,1
170,1765888724833,0.0241747,0.0172301,-0.00417916,0.942454,-0.151881,-0.159194,-0.251733,0.0419862,-0,0,-7.45058e-09,0.00229345,-1.49012e-08,0.999997,0.0299928,-0,0,-4.47035e-08,0.0518828,1.49012e-08,0.998653,0.0252377,-0,0,0,0,0,1
171,1765888724866,0.0241747,0.0172301,-0.00417916,0.927976,-0.22446,-0.135036,-0.265036,0.0419862,-0,0,1.49012e-08,0.00691292,-4.47035e-08,0.999976,0.0299928,-0,0,-2.98023e-08,0.192839,8.9407e-08,0.98123,0.0252377,-0,0,0,0,0,1
172,1765888724899,0.0241747,0.0172301,-0.00417916,0.909387,-0.259856,-0.119219,-0.302122,0.0419862,-0,0,-3.72529e-09,0.00895986,-2.98023e-08,0.99996,0.0299928,-0,0,6.33299e-08,0.319459,8.9407e-08,0.9476,0.0252377,-0,0,0,0,0,1
173,1765888724933,0.0241747,0.0172301,-0.00417916,0.902716,-0.272336,-0.111361,-0.313904,0.0419862,-0,0,0,0.00971682,1.19209e-07,0.999953,0.0299928,-0,0,-1.11759e-08,0.364896,-1.19209e-07,0.931048,0.0252377,-0,0,0,0,0,1
174,1765888724966,0.0241747,0.0172301,-0.00417916,0.901927,-0.278187,-0.107655,-0.312331,0.0419862,-0,0,-3.72529e-08,0.00949984,1.49012e-07,0.999955,0.0299928,-0,0,5.58794e-08,0.370237,-5.96046e-08,0.928937,0.0252377,-0,0,0,0,0,1
175,1765888725000,0.0241747,0.0172301,-0.00417916,0.904422,-0.280125,-0.105733,-0.303927,0.0419862,-0,0,-7.45058e-08,0.00934918,-8.9407e-08,0.999956,0.0299928,-0,0,7.82311e-08,0.358439,2.98023e-08,0.933553,0.0252377,-0,0,0,0,0,1
176,1765888725033,0.0241747,0.0172301,-0.00417916,0.914124,-0.26865,-0.101408,-0.286217,0.0419862,-0,0,7.82311e-08,0.00976609,0,0.999952,0.0299928,-0,0,-2.23517e-08,0.269601,-8.9407e-08,0.962972,0.0252377,-0,0,0,0,0,1
177,1765888725066,0.0241747,0.0172301,-0.00417916,0.940937,-0.217893,-0.112778,-0.233327,0.0419862,-0,0,3.72529e-09,0.00419682,1.49012e-08,0.999991,0.0299928,-0,0,-7.45058e-09,0.0804318,-1.49012e-08,0.99676,0.0252377,-0,0,0,0,0,1
178,1765888725100,0.0241747,0.0172301,-0.00417916,0.950253,-0.124354,-0.139129,-0.249394,0.0419862,-0,0,1.86265e-08,-0.00262877,-4.47035e-08,0.999997,0.0299928,-0,0,1.49012e-08,-0.0454403,7.45058e-08,0.998967,0.0252377,-0,0,0,0,0,1
179,1765888725133,0.0241747,0.0172301,-0.00417916,0.940387,-0.00392926,-0.182489,-0.286973,0.0419862,-0,0,-1.07102e-08,-0.00995095,-2.79397e-08,0.99995,0.0299928,-0,0,3.07336e-08,-0.156519,5.58794e-09,0.987675,0.0252377,-0,0,0,0,0,1
180,1765888725166,0.0241747,0.0172301,-0.00417916,0.91227,0.104842,-0.205497,-0.33844,0.0419862,-0,0,6.14673e-08,-0.0127647,1.49012e-08,0.999919,0.0299928,-0,0,-2.98023e-08,-0.242378,1.49012e-08,0.970182,0.0252377,-0,0,0,0,0,1
181,1765888725199,0.0241747,0.0172301,-0.00417916,0.8905,0.170981,-0.213014,-0.363868,0.0419862,-0,0,1.67638e-07,-0.0124462,0,0.999923,0.0299928,-0,0,-8.9407e-08,-0.300519,-3.72529e-08,0.953776,0.0252377,-0,0,0,0,0,1
182,1765888725233,0.0241747,0.0172301,-0.00417916,0.876856,0.195367,-0.21412,-0.383546,0.0419862,-0,0,-1.49012e-08,-0.0112444,1.49012e-08,0.999937,0.0299928,-0,0,0,-0.326364,-2.98023e-08,0.945244,0.0252377,-0,0,0,0,0,1
183,1765888725266,0.0241747,0.0172301,-0.00417916,0.870808,0.20318,-0.210481,-0.395107,0.0419862,-0,0,-4.47035e-08,-0.0107604,2.98023e-08,0.999942,0.0299928,-0,0,7.45058e-08,-0.326829,-1.3411e-07,0.945084,0.0252377,-0,0,0,0,0,1
184,1765888725299,0.0241747,0.0172301,-0.00417916,0.874951,0.185632,-0.202349,-0.39882,0.0419862,-0,0,-5.96046e-08,-0.0118534,4.47035e-08,0.99993,0.0299928,-0,0,0,-0.302303,-1.04308e-07,0.953212,0.0252377,-0,0,0,0,0,1
185,1765888725332,0.0241747,0.0172301,-0.00417916,0.902148,0.126076,-0.194001,-0.364141,0.0419862,-0,0,7.63685e-08,-0.0115532,-9.68576e-08,0.999933,0.0299928,-0,0,0,-0.219249,1.04308e-07,0.975669,0.0252377,-0,0,0,0,0,1
186,1765888725365,0.0241747,0.0172301,-0.00417916,0.939935,0.0138276,-0.17634,-0.291952,0.0419862,-0,0,8.10251e-08,-0.00616038,6.51926e-09,0.999981,0.0299928,-0,0,-4.33065e-08,-0.0991806,-3.49246e-08,0.995069,0.0252377,-0,0,0,0,0,1
187,1765888725399,0.0241747,0.0172301,-0.00417916,0.941723,-0.138711,-0.151286,-0.266514,0.0419862,-0,0,-4.09782e-08,0.00161229,1.49012e-08,0.999999,0.0299928,-0,0,2.04891e-08,0.0352845,1.49012e-08,0.999377,0.0252377,-0,0,0,0,0,1
188,1765888725432,0.0241747,0.0172301,-0.00417916,0.917061,-0.228797,-0.115381,-0.305512,0.0419862,-0,0,2.6077e-08,0.00820933,2.98023e-08,0.999966,0.0299928,-0,0,-2.6077e-08,0.220062,4.47035e-08,0.975486,0.0252377,-0,0,0,0,0,1
189,1765888725465,0.0241747,0.0172301,-0.00417916,0.900532,-0.262847,-0.0972512,-0.33241,0.0419862,-0,0,-1.86264e-08,0.010374,8.9407e-08,0.999946,0.0299928,-0,0,3.35276e-08,0.35529,-5.96046e-08,0.934756,0.0252377,-0,0,0,0,0,1
190,1765888725498,0.0241747,0.0172301,-0.00417916,0.893956,-0.269635,-0.0915098,-0.346072,0.0419862,-0,0,-2.98023e-08,0.0111601,5.96046e-08,0.999938,0.0299928,-0,0,4.47035e-08,0.396763,-8.9407e-08,0.917921,0.0252377,-0,0,0,0,0,1
191,1765888725531,0.0241747,0.0172301,-0.00417916,0.894939,-0.272701,-0.0897904,-0.341548,0.0419862,-0,0,1.04308e-07,0.0107286,-2.98023e-08,0.999942,0.0299928,-0,0,-1.30385e-07,0.393575,-5.96046e-08,0.919293,0.0252377,-0,0,0,0,0,1
192,1765888725565,0.0241747,0.0172301,-0.00417916,0.899728,-0.271404,-0.0895441,-0.329867,0.0419862,-0,0,-2.23517e-08,0.010581,0,0.999944,0.0299928,-0,0,-4.47035e-08,0.372517,5.96047e-08,0.928025,0.0252377,-0,0,0,0,0,1
193,1765888725598,0.0241747,0.0172301,-0.00417916,0.924748,-0.233515,-0.097343,-0.284318,0.0419862,-0,0,-5.21541e-08,0.00886668,2.98023e-08,0.999961,0.0299928,-0,0,8.19564e-08,0.201182,8.9407e-08,0.979554,0.0252377,-0,0,0,0,0,1
194,1765888725631,0.0241747,0.0172301,-0.00417916,0.940266,-0.128964,-0.130486,-0.286779,0.0419862,-0,0,1.02445e-07,0.000936106,-4.47035e-08,1,0.0299928,-0,0,-5.58794e-08,0.0166625,4.47035e-08,0.999861,0.0252377,-0,0,0,0,0,1
195,1765888725664,0.0241747,0.0172301,-0.00417916,0.929882,0.00967715,-0.178793,-0.321339,0.0419862,-0,0,1.86265e-09,-0.00705941,-2.51457e-08,0.999975,0.0299928,-0,0,-7.77654e-08,-0.113762,6.51926e-09,0.993508,0.0252377,-0,0,0,0,0,1
196,1765888725697,0.0241747,0.0172301,-0.00417916,0.900391,0.108791,-0.203512,-0.368842,0.0419862,-0,0,-4.28408e-08,-0.0100899,1.49012e-08,0.999949,0.0299928,-0,0,-1.11759e-08,-0.191922,1.49012e-08,0.98141,0.0252377,-0,0,0,0,0,1
197,1765888725731,0.0241747,0.0172301,-0.00417916,0.885275,0.143755,-0.206705,-0.391019,0.0419862,-0,0,4.09782e-08,-0.010593,-2.98023e-08,0.999944,0.0299928,-0,0,2.6077e-08,-0.222554,1.49012e-08,0.97492,0.0252377,-0,0,0,0,0,1
198,1765888725764,0.0241747,0.0172301,-0.00417916,0.884415,0.140563,-0.205747,-0.394614,0.0419862,-0,0,-1.15484e-07,-0.0104921,6.70552e-08,0.999945,0.0299928,-0,0,7.82311e-08,-0.219064,-1.3411e-07,0.975711,0.0252377,-0,0,0,0,0,1
199,1765888725797,0.0241747,0.0172301,-0.00417916,0.894485,0.122864,-0.203453,-0.378692,0.0419862,-0,0,3.35276e-08,-0.0100429,5.96046e-08,0.99995,0.0299928,-0,0,1.86265e-08,-0.196392,-1.04308e-07,0.980525,0.0252377,-0,0,0,0,0,1
200,1765888725830,0.0241747,0.0172301,-0.00417916,0.915642,0.0738871,-0.197566,-0.342211,0.0419862,-0,0,-2.42144e-08,-0.00787729,2.98023e-08,0.999969,0.0299928,-0,0,-7.45058e-09,-0.135036,-1.49012e-08,0.990841,0.0252377,-0,0,0,0,0,1
201,1765888725864,0.0241747,0.0172301,-0.00417916,0.937842,-0.0316247,-0.18281,-0.293315,0.0419862,-0,0,5.7742e-08,-0.00253069,-7.45058e-09,0.999997,0.0299928,-0,0,4.93601e-08,-0.0411284,-7.45058e-09,0.999154,0.0252377,-0,0,0,0,0,1
202,1765888725897,0.0241747,0.0172301,-0.00417916,0.928966,-0.167184,-0.148952,-0.294763,0.0419862,-0,0,3.72529e-08,0.00428542,-2.98023e-08,0.999991,0.0299928,-0,0,-7.82311e-08,0.0997332,-1.19209e-07,0.995014,0.0252377,-0,0,0,0,0,1
203,1765888725930,0.0241747,0.0172301,-0.00417916,0.904602,-0.241852,-0.105049,-0.334915,0.0419862,-0,0,-1.30385e-08,0.00963284,5.96046e-08,0.999954,0.0299928,-0,0,7.45058e-09,0.301772,-1.19209e-07,0.95338,0.0252377,-0,0,0,0,0,1
204,1765888725963,0.0241747,0.0172301,-0.00417916,0.897769,-0.259143,-0.0934713,-0.343683,0.0419862,-0,0,2.42144e-08,0.00981561,8.9407e-08,0.999952,0.0299928,-0,0,7.07805e-08,0.364008,0,0.931396,0.0252377,-0,0,0,0,0,1
205,1765888725997,0.0241747,0.0172301,-0.00417916,0.899053,-0.263561,-0.0884382,-0.338258,0.0419862,-0,0,-1.67638e-08,0.00979043,-5.96046e-08,0.999952,0.0299928,-0,0,-1.86265e-08,0.372239,7.45058e-08,0.928137,0.0252377,-0,0,0,0,0,1
206,1765888726030,0.0241747,0.0172301,-0.00417916,0.902759,-0.262114,-0.0848975,-0.330325,0.0419862,-0,0,1.86265e-09,0.00981747,1.49012e-07,0.999952,0.0299928,-0,0,2.98023e-08,0.356127,-5.96047e-08,0.934438,0.0252377,-0,0,0,0,0,1
207,1765888726063,0.0241747,0.0172301,-0.00417916,0.911076,-0.22832,-0.0830707,-0.333031,0.0419862,-0,0,-1.3411e-07,0.0100319,-1.49012e-08,0.99995,0.0299928,-0,0,9.49949e-08,0.261044,5.96046e-08,0.965327,0.0252377,-0,0,0,0,0,1
208,1765888726097,0.0241747,0.0172301,-0.00417916,0.92331,-0.161833,-0.109758,-0.330548,0.0419862,-0,0,-1.67638e-08,0.0065916,1.49012e-08,0.999978,0.0299928,-0,0,1.11759e-07,0.12675,8.9407e-08,0.991935,0.0252377,-0,0,0,0,0,1
209,1765888726130,0.0241747,0.0172301,-0.00417916,0.922796,-0.0682156,-0.141054,-0.351992,0.0419862,-0,0,-9.22009e-08,0.00136407,-7.45058e-09,0.999999,0.0299928,-0,0,1.01514e-07,0.0276562,7.45058e-08,0.999618,0.0252377,-0,0,0,0,0,1
210,1765888726163,0.0241747,0.0172301,-0.00417916,0.913297,0.00984315,-0.155886,-0.376153,0.0419862,-0,0,9.61591e-08,-0.0013922,0,0.999999,0.0299928,-0,0,3.77186e-08,-0.0270285,-9.77889e-08,0.999635,0.0252377,-0,0,0,0,0,1
211,1765888726196,0.0241747,0.0172301,-0.00417916,0.898807,0.0611955,-0.161512,-0.402883,0.0419862,-0,0,-6.47269e-08,-0.00288197,5.96046e-08,0.999996,0.0299928,-0,0,-2.79397e-09,-0.0486007,-1.22935e-07,0.998818,0.0252377,-0,0,0,0,0,1
212,1765888726230,0.0241747,0.0172301,-0.00417916,0.888715,0.079848,-0.161509,-0.421573,0.0419862,-0,0,-8.10251e-08,-0.00330937,1.11759e-08,0.999995,0.0299928,-0,0,5.4948e-08,-0.0580013,3.72529e-09,0.998317,0.0252377,-0,0,0,0,0,1
213,1765888726263,0.0241747,0.0172301,-0.00417916,0.880785,0.0867732,-0.159931,-0.437163,0.0419862,-0,0,-7.54371e-08,-0.00320761,-5.21541e-08,0.999995,0.0299928,-0,0,1.30385e-07,-0.0629431,8.19564e-08,0.998017,0.0252377,-0,0,0,0,0,1
214,1765888726296,0.0241747,0.0172301,-0.00417916,0.876731,0.0892478,-0.156492,-0.445969,0.0419862,-0,0,-2.70084e-08,-0.0038667,5.21541e-08,0.999993,0.0299928,-0,0,-2.04891e-08,-0.0664431,-8.19564e-08,0.99779,0.0252377,-0,0,0,0,0,1
215,1765888726330,0.0241747,0.0172301,-0.00417916,0.876489,0.0906138,-0.155309,-0.446582,0.0419862,-0,0,-5.7742e-08,-0.00384562,-2.98023e-08,0.999993,0.0299928,-0,0,6.51926e-08,-0.0684257,3.72529e-08,0.997656,0.0252377,-0,0,0,0,0,1
216,1765888726363,0.0241747,0.0172301,-0.00417916,0.87557,0.0910224,-0.154414,-0.448606,0.0419862,-0,0,9.77889e-08,-0.00385533,6.70552e-08,0.999993,0.0299928,-0,0,-4.09782e-08,-0.0680696,-5.96046e-08,0.997681,0.0252377,-0,0,0,0,0,1
217,1765888726396,0.0241747,0.0172301,-0.00417916,0.874627,0.0910688,-0.153304,-0.450812,0.0419862,-0,0,7.45058e-08,-0.00405146,-2.98023e-08,0.999992,0.0299928,-0,0,-8.56817e-08,-0.0688328,3.72529e-08,0.997628,0.0252377,-0,0,0,0,0,1
218,1765888726430,0.0241747,0.0172301,-0.00417916,0.873529,0.0929599,-0.150096,-0.453626,0.0419862,-0,0,-7.45058e-09,-0.00398177,1.49012e-08,0.999992,0.0299928,-0,0,5.58794e-09,-0.0697558,1.49012e-08,0.997564,0.0252377,-0,0,0,0,0,1
219,1765888726463,0.0241747,0.0172301,-0.00417916,0.871602,0.0929763,-0.148958,-0.457686,0.0419862,-0,0,6.51926e-09,-0.00399367,-1.49012e-08,0.999992,0.0299928,-0,0,-1.67638e-08,-0.0692101,-3.72529e-08,0.997602,0.0252377,-0,0,0,0,0,1
220,1765888726496,0.0241747,0.0172301,-0.00417916,0.871145,0.0931897,-0.147813,-0.458883,0.0419862,-0,0,-7.35745e-08,-0.00394784,-2.23517e-08,0.999992,0.0299928,-0,0,0,-0.0679193,5.21541e-08,0.997691,0.0252377,-0,0,0,0,0,1
221,1765888726530,0.0241747,0.0172301,-0.00417916,0.869915,0.0933511,-0.147964,-0.461129,0.0419862,-0,0,2.70083e-08,-0.00369498,2.23517e-08,0.999993,0.0299928,-0,0,-1.67638e-08,-0.0640734,-5.21541e-08,0.997945,0.0252377,-0,0,0,0,0,1
222,1765888726563,0.0241747,0.0172301,-0.00417916,0.870608,0.0936069,-0.146874,-0.460116,0.0419862,-0,0,-4.65661e-09,-0.00390108,1.49012e-08,0.999992,0.0299928,-0,0,-4.65661e-08,-0.0675297,0,0.997717,0.0252377,-0,0,0,0,0,1
223,1765888726596,0.0241747,0.0172301,-0.00417916,0.871196,0.0937987,-0.146514,-0.459079,0.0419862,-0,0,5.21541e-08,-0.00357099,1.49012e-08,0.999994,0.0299928,-0,0,-5.40167e-08,-0.0676235,-4.47035e-08,0.997711,0.0252377,-0,0,0,0,0,1
224,1765888726629,0.0241747,0.0172301,-0.00417916,0.869884,0.0932845,-0.146535,-0.461656,0.0419862,-0,0,-3.72529e-09,-0.00392033,5.96046e-08,0.999992,0.0299928,-0,0,-1.09896e-07,-0.0679098,-5.21541e-08,0.997691,0.0252377,-0,0,0,0,0,1
225,1765888726662,0.0241747,0.0172301,-0.00417916,0.869682,0.093389,-0.14662,-0.46199,0.0419862,-0,0,-6.0536e-08,-0.00387439,2.23517e-08,0.999992,0.0299928,-0,0,3.72529e-09,-0.0663401,-1.49012e-08,0.997797,0.0252377,-0,0,0,0,0,1
226,1765888726695,0.0241747,0.0172301,-0.00417916,0.870583,0.0935396,-0.14578,-0.460526,0.0419862,-0,0,1.86264e-08,-0.00415695,-5.21541e-08,0.999991,0.0299928,-0,0,7.45058e-09,-0.0688918,1.3411e-07,0.997624,0.0252377,-0,0,0,0,0,1
227,1765888726729,0.0241747,0.0172301,-0.00417916,0.870436,0.0935678,-0.145661,-0.460836,0.0419862,-0,0,-5.30854e-08,-0.00406066,-2.23517e-08,0.999992,0.0299928,-0,0,-2.04891e-08,-0.0675786,5.96047e-08,0.997714,0.0252377,-0,0,0,0,0,1
228,1765888726762,0.0241747,0.0172301,-0.00417916,0.870391,0.0936831,-0.145482,-0.460953,0.0419862,-0,0,-7.35745e-08,-0.00368343,-2.98023e-08,0.999993,0.0299928,-0,0,8.00937e-08,-0.0689143,-4.47035e-08,0.997623,0.0252377,-0,0,0,0,0,1
229,1765888726795,0.0241747,0.0172301,-0.00417916,0.869654,0.0933948,-0.145857,-0.462282,0.0419862,-0,0,1.86265e-08,-0.00386272,-9.68575e-08,0.999993,0.0299928,-0,0,1.86265e-09,-0.066348,1.19209e-07,0.997797,0.0252377,-0,0,0,0,0,1
230,1765888726829,0.0241747,0.0172301,-0.00417916,0.870407,0.0937495,-0.145294,-0.460968,0.0419862,-0,0,1.30385e-08,-0.00390452,7.45058e-09,0.999992,0.0299928,-0,0,-2.23517e-08,-0.0674137,-7.45058e-09,0.997725,0.0252377,-0,0,0,0,0,1
231,1765888726862,0.0241747,0.0172301,-0.00417916,0.870424,0.0937555,-0.144948,-0.461045,0.0419862,-0,0,1.14553e-07,-0.00412798,2.23517e-08,0.999991,0.0299928,-0,0,-6.89179e-08,-0.0691849,-8.9407e-08,0.997604,0.0252377,-0,0,0,0,0,1
232,1765888726895,0.0241747,0.0172301,-0.00417916,0.870614,0.0938597,-0.144504,-0.460803,0.0419862,-0,0,-6.51926e-08,-0.00397807,-7.45058e-09,0.999992,0.0299928,-0,0,9.31323e-08,-0.06822,-8.19564e-08,0.99767,0.0252377,-0,0,0,0,0,1
233,1765888726929,0.0241747,0.0172301,-0.00417916,0.870469,0.0938716,-0.144441,-0.461095,0.0419862,-0,0,-9.31323e-10,-0.00398362,-6.70552e-08,0.999992,0.0299928,-0,0,-8.9407e-08,-0.0679733,8.9407e-08,0.997687,0.0252377,-0,0,0,0,0,1
234,1765888726962,0.0241747,0.0172301,-0.00417916,0.871202,0.0941871,-0.144225,-0.459711,0.0419862,-0,0,1.06171e-07,-0.00370285,-8.9407e-08,0.999993,0.0299928,-0,0,-2.42144e-08,-0.0692483,8.19564e-08,0.997599,0.0252377,-0,0,0,0,0,1
235,1765888726995,0.0241747,0.0172301,-0.00417916,0.869394,0.0934332,-0.1449,-0.463064,0.0419862,-0,0,7.72998e-08,-0.00368471,1.49012e-08,0.999993,0.0299928,-0,0,-1.60187e-07,-0.0687367,7.45058e-09,0.997635,0.0252377,-0,0,0,0,0,1
236,1765888727029,0.0241747,0.0172301,-0.00417916,0.869482,0.0934578,-0.144394,-0.463052,0.0419862,-0,0,1.21072e-08,-0.00402075